14001445,Antonio Leger
14001799,Lola Luce
14001455,Michael Beaird
14000704,Robyn Olin
14002131,Clarence Batchelder
14004721,Joanna Louque
14005263,Alan Clausen
14005155,Jimmy Doak
14002953,Keith Nix
14005674,Sheila Tapp
14005968,Cindy Penney
14006824,Chris Franks
14006134,Tonya Niemi
14005699,Glenn Straight
14005400,Andrew Olszewski
14007049,Josh Lofties
14007381,Rose Sapp
14007241,Nelson Weldy
14010765,Jerry Bush
14009079,Geraldine Werner
14011224,Robert Harbour
14010884,Aaron Treece
14007888,Adrienne Lasley
14011738,Michele Caudill
14011912,Christa Arvizo
14011335,Esmeralda Hopton
14007834,Nita Sandor
14015277,Curtis Cordell
14015896,Roxanne Turnage
14016218,Melissa Lundgren
14016848,Louis Marino
14017435,Marvin Langer
14016824,Antonio Bischoff
14016334,Sandra Feder
14015550,Brandon Saari
14017855,Luis Ives
14018244,Bruce Rickert
14018497,Chad Knight
14018401,Toni Levi
14017479,Justin Curry
14019031,Monique Richard
14019484,Kayla Paynter
14020472,Allen Towns
14019807,Nina Faria
14019293,Bobby Key
14018865,Ursula Rasnake
14020680,Beth Killebrew
14022004,Phyllis Campos
14023473,William Durst
14024512,Melinda Dill
14022175,Roy Gwinn
14021982,Bobby Zito
14025287,Tammy Spell
14024932,Frank Talavera
14025400,Vera Gatewood
14028766,Keith Hurt
14030623,Craig Larose
14026926,Cathy Batty
14026586,Dustin Riehl
14024842,Debora Bolles
14030769,Michele Valliere
14030706,Orville Gillaspie
14020526,Ted Yetman
14014366,Erik Cadiz
14013965,Hillary Tall
14031145,Kelli Newkirk
14031699,Geraldine Schleicher
14030930,Jessie Mayville
14033137,Lucille Ashcraft
14032396,Christine King
14033977,Natasha Scribner
14035065,Samuel Bartley
14036046,Travis Penland
14036794,Erika Hicks
14035428,Della Condon
14035222,Geraldine Flora
14034654,Bruce Pegram
14038174,Eugene Singh
14038655,Tony Brenneman
14037990,Guy Gonsoulin
14041379,Donald Beech
14041042,Carl Settles
14040338,Adrienne Savoy
14039873,Thomas Rawlins
14039634,Jillian Mcdougle
14042201,Heidi Mcadoo
14041588,Tina Haugen
14041478,Wilfred Mourning
14039577,Tania Silvernail
14043188,Craig Bulter
14043484,Linda Turk
14043401,Clara Bender
14043379,Susan Roby
14044777,Earl Jablonski
14044277,Bruce Dailey
14045159,Brian Hendry
14045019,Henry Eng
14045405,Terry Unruh
14047217,Alma Craddock
14046761,Eugene Allred
14046275,Cathy Hersey
14047219,Mark Tate
14047706,Frank Acord
14047625,Martin Mcswain
14047445,Clarence Brunelle
14045941,Olga Cimino
14048094,Greg Mckillop
14048942,Patrick Booker
14049862,Jesse Horn
14049951,Donald Daly
14049616,Carlos Arrowood
14049958,Keith Hyder
14048608,Darryl Vallarta
14043792,Liza Mcquillan
14050901,Travis Mojica
14050830,Arlene Wellington
14051019,Marguerite Mccabe
14050060,Emilia Erikson
14053430,Norman Caine
14055188,Jeffery Bounds
14053632,Myrtle Vanover
14055491,Joseph Desimone
14055794,Sharon Gales
14055916,Patty Rosenberg
14055233,Lillian Crampton
14056148,Paul Corley
14056870,Wanda Gurrola
14056073,Timothy Isom
14058551,Jodi Luevano
14057175,Mark Chase
14059209,Kristine Knotts
14057064,Chad Tolliver
14055918,Marian Sealey
14055917,Tony Barron
14059692,Dennis Saldivar
14059860,Clarence Hoggard
14059983,Ronald Urrutia
14060082,Gerald Whitesell
14060013,Johnny Turnbull
14060594,Catherine Catalano
14060382,Maurice Stilwell
14059651,Zachary Carruthers
14061257,Kevin Colin
14061825,Betty Chi
14062298,Kristine Levine
14062796,Violet Eden
14063773,Erica Nevels
14063111,Rosemary Latour
14064625,Dennis Mckellar
14064702,Edward Tsosie
14065353,Genevieve Mattos
14064689,Danielle Gorham
14063806,Pedro Augustin
14063076,Christa Monsour
14061072,Jessie Shirkey
14065712,Lois Karl
14065756,Howard Shinn
14067463,Lucy Ramer
14067670,Susie Mccurry
14066961,Sabina Corsaut
14065601,Darren Blau
14052132,Max Levario
14068343,Brian Martindale
14068525,Louis Schreiber
14070268,Gary Faison
14068840,Patrick Downing
14068442,Anna Marble
14070988,Juan Hartley
14071192,Fannie Tipton
14072830,Marianne Ruch
14071561,Howard Demello
14073331,Jeffery Meissner
14073477,Harry Skeen
14073773,Peter Lajoie
14074460,Mark Kuehn
14074218,Larry Means
14076152,Kenneth Jaime
14076265,Sarah Waterman
14076403,Lucille Whiteley
14074722,Nicholas Jamison
14076899,Kenya Lauria
14073015,Lance Sandell
14077385,Fred Molloy
14077770,Stephen Delrosario
14077536,Philip Beckham
14078911,Roger Cool
14078195,Belinda Labonte
14078113,Richard Emery
14077167,Nannie Ottesen
14070543,Jamie Sing
14068001,Jamie Upson
14043005,Harriett Curatolo
14033833,Chandra Trowell
14080543,Douglas Breault
14081119,Carl Campos
14081224,Lawrence Baumgardner
14082801,Wanda Harry
14082957,Nancy Welker
14082966,Jodi Derosier
14082904,Edward Jeffries
14081407,Tim Daggett
14081176,Max Kirkendall
14080414,Clinton Sluder
14084088,Sean Bastian
14084584,Kevin Hale
14083432,Jerry Blocker
14086907,Marsha Quick
14087339,Timothy Burkhalter
14086807,Nicole Ellingson
14085617,Anthony Demarco
14085122,Debbie Zorn
14087951,Kelli Schulze
14089145,Walter Ream
14089441,Eleanor Fontenot
14089010,Jo Worthington
14090122,Felicia Hans
14089740,Megan Hecht
14089523,Yvonne Mickens
14090221,Jonathan Laws
14090469,Timothy Markel
14090955,Ruby Capps
14091834,Michele Ford
14091314,Marjorie Dangerfield
14092899,Sean Schubert
14092658,Elva Kugler
14090154,Kelly Satter
14093667,Rose Hinson
14093440,Tia Chatterton
14088404,Milagros Harbuck
14088223,Lilia Rojero
14084797,Kurt Gayler
14082998,Tanisha Coppin
14080040,Guy Loredo
14094243,Richard Hovey
14095763,Daisy Palladino
14095477,Mike Cervantes
14094985,Susie Haley
14097145,Sonya Burger
14094877,Katherine Martens
14098002,Dena Staff
14102285,Kayla Landreth
14101800,Raymond Plourde
14101108,Eileen Fischer
14100978,Roxanne Marte
14102370,John Purcell
14102705,Frank Rios
14102770,Walter Towns
14102990,Hannah Alfano
14102394,Patrick Bahena
14102322,Shane Dare
14099858,Vernon Moultrie
14099596,Pearlie Granata
14103032,Luis Kovacs
14103345,Bobby Griffiths
14105277,Alice Hamann
14105071,Lawrence Hecker
14104629,Edith Acker
14104537,Larry Rooker
14103895,Shelia Simoneau
14106795,Danny Nickerson
14106491,Steve Hix
14106896,Belen Floor
14107092,Robyn Elizondo
14107491,Tamara Rabinowitz
14107530,Gary Burmeister
14107264,Randy Desai
14107823,Norman Wingfield
14109191,Becky Zinn
14109497,Ricardo Maselli
14107623,Corinne Kocsis
14109534,Edward Bliss
14110615,Candice Friday
14109718,Matthew Roman
14113323,Janie Julius
14113193,Ethel Glidden
14109509,Gordon Bross
14114085,Henry Mullinax
14114262,Anthony Deaver
14114634,Elsie Alanis
14116414,Molly Baxter
14116481,Patty Boles
14115907,Betty Kirkwood
14115805,Bobby Poling
14114797,Felicia Moore
14113585,Clinton Badilla
14116688,Cherie Burkes
14116558,Jerri Meares
14106958,Hugh Hardegree
14117544,Judith Schmid
14118346,Eugene Wild
14118292,Aaron Quimby
14118388,Marjorie Feeley
14118393,Lois Sexton
14118376,Brandi Keil
14118236,Karen Pena
14117851,Danny Cass
14118908,Jeremy Aubin
14118889,Jennie Fikes
14119322,Arthur Saunders
14119117,Gary Dehart
14118572,Keisha Chancy
14117118,Mathew Esperanza
14103000,Jessie Landen
14119826,Liza Borchers
14120181,Steven Halford
14120162,Wilma Egbert
14121258,Ana Calvillo
14121370,Barbara Bushey
14122586,Pauline Valdivia
14122944,Stanley Ardoin
14122116,Scott Prescott
14123681,Alberta Howie
14123549,Jeff Todd
14123996,Laura Jacobsen
14125365,Amanda Woodward
14123907,Ernest Cribbs
14126337,Douglas Perrotta
14125504,Amanda Chang
14123137,Selena Toone
14126764,Marvin Livingston
14127668,Renee Field
14126956,Louise Frechette
14126599,Lance Rein
14119980,Sofia Debolt
14128314,Richard Buck
14129432,Jeffrey Diaz
14129451,Heather Tanaka
14128950,Stanley Bybee
14128489,Maurice Bradham
14127847,Penelope Gayman
14130396,Marlene Berman
14130844,Monica Guillory
14130837,Jacob Meeker
14129951,Fred Mcculley
14131564,Joy Regalado
14131976,Marjorie Segal
14131504,Opal Royal
14132655,Michael Scheffler
14132429,Douglas Dabney
14131167,Geraldine Vargas
14135571,Phillip Honeycutt
14135401,Hilda Wilmoth
14134541,Jeffrey Taveras
14133621,Leonard Fall
14136072,Alan Simpson
14135887,Chris Morrison
14135617,Nicholas Goins
14137533,Mohamed Shah
14137234,Thomas Hardeman
14136884,Maurice Carlsen
14137614,Anna Piercy
14137643,Dianne Layman
14137596,Dorcas Lachner
14138625,Susie Styles
14138605,Maxine Kyser
14141029,Steven Alger
14141546,Harold Seaman
14141423,Sean Chilton
14139482,Dennis Housley
14138567,Maricela Godard
14133057,Clinton Escalona
14142967,Gary Quillen
14142324,Mattie Nichols
14143314,Jesse Sandstrom
14142980,Ellen Millican
14143766,Wanda Mears
14143406,Hazel Staten
14146190,Amelia Jarrell
14145566,Catherine Briscoe
14145162,Sonia Pippin
14144714,Dale Oxendine
14146651,Paul Urena
14146868,Carole Salter
14147252,Larry Chapa
14147180,Clinton Chacko
14146396,Earlene Mcelvain
14141881,Javier Swint
14129722,Edwina Esters
14094113,Jessie Leandro
14032266,Kelly Cheatam
14147875,Richard Arruda
14149348,Carlos Hardaway
14149467,Bryan Stanton
14150904,Dennis Burnside
14151351,Bertha Makowski
14150699,Delores Mccloud
14149881,Dean Buchanon
14149048,Loraine Montford
14151885,Earl Longoria
14151689,Sheila Hendon
14153792,Cheryl Rauch
14153860,Laurie Fullmer
14152653,Vincent Howe
14152316,Hugo Schrenk
14156159,Manuel Auger
14156952,Clarence Lamar
14154975,Dewey Gaulding
14154332,Dewey Vashaw
14157671,John Gentry
14157594,Carlos Ledford
14157229,Allison Mapes
14158742,Maurice Bushard
14157132,Lorrie Mungo
14151577,Nannie Mcgown
14159969,Walter Donley
14161202,Yvonne Florez
14161294,Marlene Wiegand
14162634,Thomas Ragsdale
14163145,Thomas Giffin
14164648,Colleen Risinger
14164804,Blanca Kile
14163848,Jack Tolbert
14163128,Yvonne Mccune
14165533,Olga Ashton
14165198,Billy Noonan
14162178,Brian Aucoin
14166110,Jimmy Fults
14166039,Juanita Wildman
14166738,Brenda Pennington
14166932,Elsie Sowers
14166901,Mark Neville
14161717,Jeff Everson
14168376,Jeff Singletary
14168695,Jeremy Trainor
14168542,Christina Driskell
14167007,Manuel Weil
14169497,Chris Dykes
14170501,Jacob Shuster
14170494,Steve Shell
14171079,Mae Crooks
14171314,Claudia Sthilaire
14171682,Wayne Gerard
14171371,Timothy Delvalle
14170551,Theresa Townsley
14168910,Travis Dennard
14172935,Natalie Harville
14173843,Sherry Edmondson
14173659,Norman Mastin
14173006,Susana Letcher
14172527,Herman Loman
14175293,Travis Lebel
14174913,Curtis Rounds
14176107,Cindy Waits
14177364,Sylvia Wester
14178420,Valerie Tuck
14179616,Henry Quesada
14178399,Paul Leister
14178161,Kimberly Harrison
14180102,Cherie Mcguckin
14182170,Charles Anaya
14182153,Lena Nall
14181456,Myrtle Trawick
14182567,Mildred Manzanares
14182553,Sonia Keating
14182367,Dale Glasscock
14180433,Barbara Vanover
14185965,Larry Westfall
14184025,Ralph Pridemore
14187664,Tonya Bernstein
14188305,Jeff Moten
14188016,Jeff Collier
14187644,Shelly Brumbaugh
14188856,Jill Borkowski
14187394,Craig Mcdavid
14182683,James Urrutia
14189443,Henry Gorton
14189588,Tamara Duckett
14190712,Victor Dietz
14190559,Kristin Keel
14190518,Andrew Colunga
14189332,Allen Spinner
14191604,Jose Hinshaw
14192175,Yvette Scalise
14193727,Fred Looney
14193630,Danny Daves
14194254,Richard Castleman
14193596,Pamela Funkhouser
14190923,Rachel Fernandez
14180394,Brent Bovee
14195515,Paul Armour
14194471,Nathan Gilson
14195761,Louise Dunford
14195570,Shawn Driskell
14196351,Dale Charlton
14196942,Robert Lambert
14196743,Kay Woodbury
14197484,Albert Lockett
14196646,Bruce Heard
14199087,Gregory Dantzler
14198919,Douglas Sedillo
14198583,Elizabeth Colon
14197867,Dean Harvill
14194449,Dan Varano
14199990,Christa Pflug
14199867,Allyson Stecker
14200558,Harold Macias
14200810,Ronald Gabriel
14201485,Joseph Smith
14201851,Paige Hermansen
14202761,Lorraine Shank
14202317,Lena Judge
14202033,Lester Stackpole
14200072,Earlene Pilson
14177569,Hugh Shew
14174333,Kelly Avans
14203369,Wanda Stewart
14203985,George Clevenger
14203392,Brenda Holloway
14204043,Darlene Bergman
14204310,Russell Foust
14204652,Walter Lovelace
14205474,Brian Winchell
14204794,Antonio Crump
14206591,Sue Nevarez
14207262,Jeffery Dreher
14206500,Dan Cola
14204365,Stephany Billiott
14203027,Allie Ulland
14208222,Aaron Taveras
14209898,Audrey Flores
14209744,Lillian Starling
14209250,Curtis Thrower
14210726,Janice Teeter
14211146,Joy Cochran
14210486,Jerry More
14211466,Claire Britton
14210277,Lester Gallivan
14211937,Eugene Abraham
14213320,Roger Sung
14213819,Angela Dyke
14214670,Vincent Augustine
14215477,Marian Prescott
14215626,Juana Greenleaf
14215036,Joe Weitzel
14212730,Candy Henn
14216975,Jason Eskridge
14217792,Pearl Bentz
14217609,Matthew Soper
14217546,Hector Kravitz
14218229,Arlene Shepherd
14217911,Lionel Omarah
14216409,Hugh Newbrough
14218813,Sheryl Longo
14219234,Charlotte Huertas
14218711,Paul Hagler
14218708,Joseph Woodbury
14219720,Allen Velarde
14220650,Stephanie Shanks
14221442,Angie Stock
14222210,Curtis Bowyer
14220889,Charlotte Catlin
14223207,Pearl Frizzell
14223311,Kathleen Mcknight
14223063,Andrew Pinder
14222535,Judy Lucia
14219405,Derrick Luper
14224524,Kristine Jaeger
14224611,Shawn Wisdom
14224117,Latonya Norby
14223849,Shantel Zevallos
14219241,Gustavo Lumb
14218643,Roslyn Philipp
14211532,Nelson Coltrane
14207712,Harriett Zollinger
14158835,Jamie Shake
14147356,Elinor Raco
14224721,Sonia Bass
14224717,Brandon Hartshorn
14224817,Sharonda Remsberg
14225790,Pearl Roos
14226400,Henry Marinelli
14226090,Beth Shelton
14226703,Philip Rossman
14226881,Blanche Lemos
14226829,Dorothea Ruckman
14227560,Esperanza Basnett
14228578,Wendy Archambault
14230559,Jeremy Traylor
14231443,Jack Tso
14231574,Jerry Lennon
14230988,Lynda Valerio
14231586,Henry Mazur
14230410,Walter Kizer
14234005,Frank Burr
14235311,Antonio Sullins
14235853,Sandra Rapp
14236116,Martin Danley
14236879,Sherri Bowens
14235363,Deanna Arndt
14234238,Christine Prather
14233958,Alta Oxford
14227656,Daphne Renz
14237730,Martin Wilmot
14239674,Jeffrey Littlejohn
14238633,Eunice Cooney
14237623,Hugo Cocker
14240925,Stephen Clark
14240791,Mike Mcewen
14240534,Janie Koch
14241853,Terry Brush
14240944,Ralph Cartagena
14243143,Christine Riffle
14243393,Dianne Mixon
14245029,Karen Kinard
14244703,Jason Word
14247463,Tonya Canfield
14246229,Erica Driggers
14245206,Victor Pifer
14243631,Ralph Parks
14248681,Molly Beckley
14248582,Christy Acevedo
14241928,Matthew Will
14240927,Dan Ulm
14248918,Esther Hale
14248815,Caitlin Mcnaught
14239748,Belen Sheerin
14248928,Frank Dunkin
14250911,Gary Weddle
14248926,Javier Weatherwax
14225121,Kurt Gettings
14251560,Joseph Velez
14255109,Melissa Claypool
14255944,Christopher Cahoon
14255337,Steven Ferrari
14251527,Johnny Segovia
14258972,Lucille Pedroza
14259389,Loretta Kahle
14256229,Jeffery Lomax
14251013,Marylou Weingart
14259669,Jesse Pinon
14259667,Hazel Persinger
14262079,Vincent Amin
14262412,Ross Giddings
14261560,Debbie Ruch
14261038,Jason Carney
14263384,Tonya Hirst
14263237,Bobby Claytor
14264001,Willie Nowak
14262879,Jessie Efaw
14264056,Faye Berkley
14265060,Katie Gordy
14264970,Ronald Bowie
14266150,Stephen Mccool
14265566,David Pooler
14265305,Katherine Knight
14264828,Russell Goodale
14264585,Thomas Getz
14264031,Harriett Mcnaughton
14259628,Cody Russom
14266423,David Annis
14266783,Joanne Trombley
14266941,Lawrence Tucci
14267073,Hannah Gillis
14267174,Douglas Pitts
14270948,Joe Erwin
14270839,Diana Knepper
14270979,Rodney Toth
14271269,Inez Basile
14270084,James Hayward
14268739,Diana Welker
14267627,Johnny Torrence
14267461,Ingrid Devaul
14272104,Philip Kaufman
14272419,Anthony Pires
14272486,Della Carlile
14273433,Fred Grossman
14273735,Louis Meadows
14274361,Charles Kirkman
14272891,Walter Amaro
14272291,Maribel Earnest
14272045,Julio Netherton
14266749,Zelma Mcclay
14277046,Terry Macleod
14275781,Wilma Goforth
14275247,Asia Gucman
14274398,Nelson Pon
14266401,Fernando Mccardell
14277711,Juan Deen
14277767,Rosemary Mcculley
14279068,William Harrelson
14279948,Lois Brant
14278509,Natasha Lammers
14280934,Brian Runyan
14281079,Phillip Voyles
14281210,Annette Bohn
14280947,Fred Lucero
14280855,Carlos Dominguez
14282319,Velma Moon
14283378,Jessica Narvaez
14282920,Willie Pence
14281526,Lillie Dunton
14280317,Brent Curtsinger
14277346,Twyla Knoerzer
14285879,Kristen Pulliam
14285036,Guy Pressler
14286401,Lena Fuchs
14288316,Kathy Morel
14287911,Raymond Chipman
14288792,Susie Freeze
14288754,Jose Haight
14287746,Joseph Mathes
14288962,Verna Huth
14288872,Olga Karr
14289292,Joshua Dreyer
14289641,April Allan
14289919,Matthew Beaman
14288969,Jeffrey Pulliam
14287724,Billy Gooch
14290626,Sally Soule
14290567,Howard Hurdle
14291403,Gary Elam
14291024,Justin Kuehn
14291782,Christy Sparkman
14290660,Sabrina Patrick
14292164,Justin Hutson
14293719,Ruth Dressler
14295334,Benjamin Wendt
14294770,Mabel Gist
14294003,Justin Moye
14293589,Tyrone Wickstrom
14296001,Richard Laboy
14296161,Rachel Bilbrey
14296611,Jenny Gold
14296508,Vickie Dorsett
14297801,Margarita Browder
14297164,Glen Zertuche
14298186,Roger Barnwell
14300516,Christina Nowlin
14301201,Terry Hurd
14300550,Antonio Haskell
14299545,Tammy Riddle
14299334,Dianne Alarcon
14298234,Kathleen Wray
14297873,Dena Mccarroll
14295590,Christian Mottola
14290115,Nannie Roehrig
14302175,Eugene Beale
14302203,Bridget Ridenour
14302799,Kenneth Frizzell
14303349,Jeremy Garay
14303324,Marie Froehlich
14302008,Maurice Briant
14301450,Lilia Mister
14303638,Emma Ridge
14303467,Marilyn Roderick
14303428,Dennis Buxton
14304318,Vincent Roark
14303361,Darryl Treloar
14307665,Tammy Hinrichs
14307254,Lynda Blum
14306002,Sean Scarberry
14307817,Roslyn Monsivais
14308504,Joshua Cushman
14308624,Harry Carney
14309204,Eugene Leland
14309383,Teresa Booth
14309334,Walter Keegan
14310856,Samuel Headrick
14312840,Glenn Valdez
14310937,Ellen Keeley
14310700,Marguerite Carman
14310138,Kara Hoff
14313050,Jonathan Mickelson
14312939,Chris Embry
14313611,Kenneth Lentz
14313618,Alan Frazier
14313991,Jacob Nichols
14313109,Joanna Brumley
14313105,Wesley Harm
14308866,Karina Facemire
14315773,Curtis Dobbins
14315585,Hazel Browder
14317575,Travis Sweat
14317252,Amy Boren
14316448,Marvin Gober
14314995,Trudy Shadrick
14320094,Russell Carl
14319904,Terry Sunderland
14319576,Philip Dustin
14321067,Kristine Cave
14322052,James Calvillo
14317605,Roma Roskelley
14314285,Kurt Kluth
14308442,Charles Babich
14304433,Amie Delcambre
14323449,Antoinette Musgrove
14322393,Jason Stamey
14324238,Sandra Boss
14324125,April Wigfall
14325100,Kristi Duckett
14324372,Kristy Erb
14328274,Leticia Valero
14328539,Arthur Huertas
14328649,Dennis Corrigan
14326938,Dorothy Mcginley
14326861,Chris Madden
14329626,Juana Haupt
14329649,Ellen Wimmer
14329909,Gary Mitchel
14328871,Evelyn Beckham
14332772,Manuel Wiser
14330014,Benjamin Prado
14324296,Pearlie Willams
14333890,Albert Cutter
14333211,Carl Sperling
14334264,Chad Pardo
14334839,Marvin Hawks
14336631,Dora Looney
14335835,Arthur Gard
14334569,Jonathan Glasgow
14337713,Jacob Osorio
14337673,Dorothy Lemmons
14337435,Fred Dulaney
14337427,Tyrone Letchworth
14337161,Carmella Vanwagenen
14332889,Carmella Sheffey
14322126,Gay Ascencio
14286103,Dollie Dignan
14277290,Clayton Ricard
14339464,Loretta Page
14340358,Felicia Latimer
14340851,Sheri Corona
14339053,Agnes Carrell
14338932,Javier Crichton
14341881,Vicki Isom
14342674,Arthur Saxon
14343900,Frank Smalls
14344880,Chad Maclean
14345780,Marilyn Mauldin
14345414,Marsha Bump
14345275,Ariana Mongelli
14345974,Keith Ake
14345859,Lenore Rufener
14346241,Joe Quiroz
14347646,Bobby Shriver
14348001,Clara Huck
14346292,Luis Lehmann
14348185,Vincent Dionne
14348665,Jeff Patch
14348540,Lawrence Oates
14348813,Emily Chadwick
14348982,Eugene Forman
14348898,Stanley Littleton
14349244,Violet Felker
14349648,Allen Olvera
14348766,Juana Lee
14346031,Javier Verdi
14350795,Annie Koonce
14351801,Fred Cushman
14351392,Joshua Kingsbury
14353909,Alice Knoll
14353302,Lillian Sproul
14354151,Leon Urbina
14352799,Leonard Urbina
14350128,Selena Lenart
14341704,Christian Verde
14338567,Earnestine Croswell
14354696,Mae Ulibarri
14354667,Anthony Atwood
14354742,Rick Sons
14354279,Guy Vanalstyne
14356590,Katrina Beech
14356477,Ronald Mccloskey
14357710,Latoya Pickering
14358544,Howard Ung
14358401,Robert Cooks
14357241,Wayne Enriquez
14359431,Anne Randell
14359643,Denise Ferraro
14359435,Jolene Hodgdon
14355490,Tania Mogensen
14354152,Max Plain
14359807,Tabatha Walworth
14360242,Joshua Hoover
14360583,Kristy Strom
14361125,Timothy Deguzman
14361538,Antonio Goforth
14361406,Ernest Lebel
14360723,Eugene Molina
14362162,Denise Till
14362006,Patsy Horne
14362825,Joe Archuleta
14363428,Larry Weatherspoon
14363390,Vincent Berkley
14363741,Vincent Malloy
14363650,Deanna Whalen
14363986,Allen Mcafee
14363803,Donna Pepin
14362183,Zachary Maloof
14364138,James Ellis
14365281,Amelia Jonas
14365885,Kelli Arredondo
14366553,Brandon Phelps
14366571,Willie Olivares
14364390,Dolores Kocher
14368122,Cathy Mikesell
14367937,Faye Scribner
14368661,Kay Quijano
14368801,Dennis Ivy
14369206,Patty Robert
14369455,Sarah Sherry
14369953,Carole Westcott
14369143,Keith Banister
14368915,Molly Wilkinson
14368409,Dolores Tyner
14370286,Larry Newkirk
14370275,Harry Numbers
14367573,Amelia Meacham
14371020,Luz Coomer
14371133,Michael Lefevre
14370615,Janice Whittier
14366605,Cecile Lafontaine
14364017,Sofia Mcinturff
14361746,Javier Hausman
14372765,Jeffery Blount
14372514,Adam Bingham
14373554,Hilda Derryberry
14374220,Fred Morehead
14373155,Roger Easton
14374350,Mamie Bazemore
14374863,Evelyn Brister
14375761,Curtis Converse
14375405,Craig Dash
14375361,Dean Scioneaux
14372861,Jessie Treiber
14372440,Noemi Marcucci
14360212,Jerri Mayr
14376230,Daniel Batchelor
14376874,Kathryn Mcnulty
14376476,Terri Violette
14377511,Kimberly Aucoin
14377204,Corey Sloat
14377561,Ervin Gleich
14378393,Juana Hodgson
14379958,Daniel Kong
14380055,April Hardcastle
14379794,Yvette Silverman
14380095,Eva Thomas
14378776,Carl Mccord
14378456,Ronald Winkle
14380835,Bryan Potts
14380776,Herman Latch
14377722,Suzanna Koepnick
14377698,Melisa Stilts
14381876,Shawn Standley
14382660,Leonard Colon
14384974,Kay Shearer
14385085,Henry Bertrand
14385845,Katherine Pete
14385754,Daniel Trimble
14385146,Jeanne Fortin
14385025,Albert Roseberry
14383780,Lula Deberry
14383303,Jorge Madry
14381526,Jamie Klump
14387428,Doris Mays
14387718,David Pogue
14387678,Gerald Gosselin
14387180,Tena Schwimmer
14388513,Cassandra Creed
14387873,Vikki Vailes
14386030,Rae Furby
14389811,Glenn Southwick
14390408,Vickie Torgerson
14390156,Darlene Piper
14390099,Nina Chaney
14390685,Joseph Favors
14391492,Judy Burress
14391887,Jimmy Dinsmore
14391674,Larry Borkowski
14392882,Johnny Leak
14393148,Samuel Celestine
14392679,Willie Monroy
14393782,Teresa Samaniego
14391495,Madeline Creek
14391407,Derrick Kittleson
14389585,Nelson Valderrama
14376057,Darren Southwood
14359796,Mathew Eslick
14394178,Della Irwin
14394378,Dale Dillow
14395134,Priscilla Suiter
14396191,Jeffery Allison
14396620,Sabrina Chong
14395248,Adam Feeney
14396734,Lucy Halsey
14394701,Elise Fey
14396821,Elnora Aberle
14398315,Wesley Newquist
14399252,Jonathan Gower
14399183,Robert Swink
14401460,Clarence Correll
14402018,Margarita Bogan
14402831,Albert Wardell
14405550,Jimmy Pohl
14405198,Lois Dunson
14401795,Justin Falls
14406329,Consuelo Tworek
14399350,Nereida Viscardi
14399064,Melisa Mccoin
14406668,Jessica Villegas
14407537,Jeremy Crites
14406884,Lula Eskridge
14406607,Therese Lingerfelt
14408746,Nicholas Applegate
14408343,Michele Mcphee
14408045,Kristopher Goerlitz
14410275,Eugene Fine
14410553,Cynthia Tramel
14410648,Kenneth Lewellen
14410476,Russell Oshea
14411280,Erma Greenwell
14411455,Inez Sain
14412052,Luz Hong
14411089,Marvin Fredrickson
14412244,Mike Pitre
14410812,Lorraine Tavarez
14414019,Phillip Keck
14414018,Tonya Lafleur
14413712,Charles Vaughan
14414808,Gertrude Toms
14414025,Mamie Comeau
14415207,Samantha Giroux
14415162,Arlene Serrano
14415330,Terry Caffey
14412764,Tony Eastman
14410044,Lynne Monson
14409312,Jamie Hahne
14408916,Kurt Porche
14416537,Russell Parson
14416798,Steve Geer
14416846,Shawn Free
14417380,Harry Fiske
14417274,Juana Castanon
14417882,Johnny Watt
14416847,Leonard Adkins
14416793,Al Suggitt
14416688,Ellis Massari
14419151,Dorothy Groves
14419388,Raymond Oller
14418667,Keith Dykes
14418039,Louise Wendt
14418036,Julio Kerbs
14420907,Walter Fortenberry
14420950,Gerald Cousin
14422085,Charles Towers
14421773,Monique Geis
14421686,Karla Beals
14422340,Margarita Wray
14422195,Kristin Bonner
14423452,Juan Janson
14423405,Jill Nolasco
14422704,Priscilla Ellis
14422374,Opal Tobias
14421145,Glenna Meaney
14419973,Rae Lesh
14424683,Matthew Stovall
14424922,Todd Kutz
14425908,Jose Bliss
14425035,Cindy Coffey
14426307,Janet Burnside
14427698,Caroline Hertz
14427793,Louis Bechtold
14426301,Alison Mead
14426204,Eugene Satterwhite
14424588,Margery Beadle
14428876,Julie Cribb
14428403,Megan Hargrave
14431195,Ella Broadway
14431552,Brandon Mask
14431518,Ronald Henning
14430277,Judith Lemay
14429201,Julio Watley
14427922,Kurt Prowse
14424525,Javier Richins
14415969,Christian Klemm
14406596,Jessie Dosch
14397374,Esmeralda Radovich
14432191,Roy Parke
14432612,Charles Nickelson
14433049,Martin Barr
14433546,Peggy Hoagland
14433068,Jennie Kell
14432356,Latoya Jobe
14432350,Erika Pike
14433980,Teresa Kitts
14436346,Marilyn Conners
14436131,Naomi Pruitt
14434890,Matthew Dowden
14434836,Pauline Callender
14434410,Jeff Vanbuskirk
14433812,Jack Merkle
14437359,Tanya Pickering
14437002,Janie Hernandes
14438769,Candace Croom
14439800,Jonathan Wagoner
14440687,Jose Gregg
14439948,Darlene Sandler
14438865,Mike Lacroix
14437492,Roberto Routon
14441725,Russell Denney
14441227,Louis Caudle
14441789,Harold Perryman
14441991,Patrick Doering
14441115,Gustavo Sysak
14436896,Darryl Allsop
14443043,Rodney Tyner
14444273,William Trapp
14444077,David Gabbard
14444506,Steven Rathbun
14444280,Anthony Farley
14443669,Craig Baker
14444655,Joshua Severson
14444587,Alan Rosales
14445173,Joy Brunner
14444928,Ruby Danner
14444576,Brent Marciano
14446055,Juan Charbonneau
14446058,Stanley Prescott
14446099,Sara Emerson
14447314,Becky Hackman
14447226,Aaron Sanchez
14446500,Isabel Peart
14449575,Darlene Foote
14450244,Sean Howerton
14450065,Raymond Hynes
14449824,Yvette Vandenberg
14448139,Dean Bergey
14451324,Shawn Rodriquez
14450579,Shantel Vagott
14445207,Neil Rosenbeck
14452827,Louis Koss
14453127,Lena Kay
14452980,Clara Wainwright
14452961,Walter Roussel
14454348,Rita Witkowski
14454715,Benjamin Weisman
14454546,Cora Thorson
14454948,Darlene Howie
14454813,Juan Roundy
14453977,Arlene Bergmann
14457150,Brandon Eberly
14458067,Vincent Farwell
14457551,Katie Jeffery
14456385,Danielle Otto
14458737,Claire Vallejo
14459209,Phillip Jemison
14458609,Wanda Nester
14460651,Joseph Audet
14460711,Martha Holloway
14460403,Amanda Lieb
14455335,Mathew Lizarraga
14452041,Allan Hornbuckle
14442184,Pearlie Bernat
14462080,Ruby Avent
14463186,Melanie Gladden
14462260,Nora Neel
14463744,Billy Wellman
14462158,Shanna Elsea
14461448,Shane Flury
14464174,Lori Sthilaire
14464108,Marlyn Michalowski
14467443,Eugene Weldon
14469106,Judith Hardman
14467995,Russell Nino
14469607,Joseph South
14469594,Samantha Morehead
14469695,John Cha
14467492,Jenny Beer
14467195,Neil Nemetz
14460767,Katy Tressler
14470599,Eileen Yang
14470777,Craig Nicholas
14470648,Arthur Marcoux
14471675,Danny Carden
14471989,Bonnie Massa
14471900,Tyrone Campanelli
14470787,Marylou Macdowell
14470284,Loraine Kimberly
14473529,Benjamin Devine
14473453,Norman Whiteman
14474102,Ellen Rayner
14475774,Russell Hollar
14476399,Mark Cao
14476824,Roger Pellerin
14475697,Thomas Holifield
14474735,Guy Molino
14477739,Jeff Persinger
14478542,Alan Nino
14477980,Noreen Durfey
14478934,Nicholas Hershberger
14478664,Bruce Roper
14479144,Philip Millard
14479659,Alberta Bradley
14480433,Billy Gray
14480300,Jodi Holm
14479449,Pauline Monson
14483422,Phillip Hang
14482961,Eva Pursley
14482733,Lorraine Reel
14481820,Candice Brower
14484686,Erica Ervin
14484440,Susanne Deppe
14486515,Danny Steinberg
14487640,Jennie Mcqueen
14487870,Leonard Philpot
14488129,Cecilia Shank
14486767,Hattie Saul
14486287,Daniel Binkley
14485601,Petra Santoyo
14488567,Justin Wood
14488384,Erik Deady
14489679,Roy Gagne
14489725,Danny Burgess
14489812,Patty Crespo
14489267,Lance Goodpaster
14478629,Ted Makuch
14491544,Daniel Birch
14491707,Kenneth Latimer
14491694,Vanessa Frazee
14491928,Martin Lavery
14490941,Alejandra Cumberland
14490422,Guy Kadel
14476919,Ted Tallmadge
14472268,Malinda Dodgen
14492710,Rosemary Keating
14492228,Megan Horn
14493556,Christine Kellerman
14493763,Janice Granados
14492857,Janice Tong
14495594,Joseph Labonte
14494407,Bobby Ericson
14493985,Roberto Munroe
14492026,Christian Mullarkey
14431660,Mathew Mercedes
14393910,Cody Mcmartin
14224671,Ashlee Capellan
14497019,Antonio Maye
14495989,Han Chung
14497443,Anthony Burkey
14497105,Vickie Cathcart
14495722,Thomas Hooten
14499784,Katie Plunkett
14499470,Joshua Spooner
14499228,Danny Dayton
14499090,Jessica Alfano
14501346,Steve Leigh
14501803,Marian Ruble
14501383,Wayne Merkle
14501851,Travis Hightower
14500876,Todd Ernst
14501877,Rose Mcroberts
14498819,Glenn Mapp
14503922,Larry Hennessey
14503308,Tony Burnett
14503296,Charles Shelby
14504084,Jason Roebuck
14505591,Henry Narvaez
14506250,Jeremy Colson
14505068,Lillian Naranjo
14504093,Gerald Brandenburg
14502408,Dean Skoog
14502335,Tim Gulino
14507652,Melissa Son
14508523,Suzanne Bassett
14509605,Margie Mackay
14511860,Marjorie Rashid
14511354,Jane Lankford
14510525,Jo Patino
14510244,Annie Berryhill
14512134,Joyce Holtz
14508286,Victor Atchley
14514121,Angelica Joe
14512965,Earl Dawes
14514706,Pamela Dearing
14515181,Susie Peoples
14514633,Harold Hamill
14514592,Joe Travis
14508146,Sabrina Wendel
14515626,Polly Riser
14506749,Gilberto Branscom
14516744,Julie Beveridge
14516799,Cassandra Pullen
14517633,Audrey Buck
14516524,Sabina Mcmikle
14506466,Lonnie Dedrick
14502156,Erik Calvi
14518875,Edith Vanhoose
14519209,Ernest Beam
14519526,Larry Elmer
14520035,Billy Partridge
14519509,Misty Arzola
14518831,Stella Lampe
14518434,Frank Vandyke
14520583,Joyce Getz
14522323,Sean Joslin
14523404,Chad Beebe
14522996,John Tolbert
14523683,Molly Hostetler
14520947,Gary Thorson
14520885,Bruce Koehn
14524184,Gary Poole
14524189,Ellen Childress
14525010,Sara Driskell
14527153,Cindy Motley
14526123,Walter Wolf
14524708,Curtis Drake
14524668,Erica Hurst
14523960,Velma Burnett
14527700,Samuel Estrella
14527168,Dan Lain
14530181,Jacqueline Parish
14528836,Kurt Roehl
14531100,Ernest Snow
14531704,Johnny Dozier
14531728,Danielle Tincher
14532729,Genevieve Varela
14533995,Ronald Cumming
14534942,Sandra Lacey
14533178,Yvette Dowdy
14532950,Michael Michel
14532898,Fannie Arreola
14531794,Juan Pink
14531176,Herman Harnish
14530834,Lonnie Scheffel
14528677,Roxie Underdahl
14520070,Odessa Joynes
14517817,Guy Snipe
14535348,Josh Morganfield
14535489,Erik Imel
14535750,Becky Dishman
14535933,George Blow
14535945,Ryan Giglio
14537326,Kathy Poynter
14536733,Edward Hague
14538298,Mark Lucky
14537952,Wendy Murray
14536350,Norman Grimaldo
14535650,Kathrine Farrel
14541500,Sue Stocks
14541764,Bryan Sala
14540340,Tonya Eberly
14539190,Saundra Gow
14535046,Lenore Decola
14543342,Chris Drummond
14543140,Holly Marlin
14542265,Rodney Ross
14544285,Darlene Milne
14545403,Hugo Vogelgesang
14545928,Louis Carrico
14545953,Stephen Wyche
14547104,Terry Meyers
14547428,Yolanda Fenton
14547822,Timothy Vetter
14547267,Henry Mckenna
14546267,Zachary Meng
14548145,Victor Han
14548444,Brian Song
14548365,Carrie Ballinger
14548913,Dennis Carnahan
14550912,Jeremy Luis
14550452,Laura Flanigan
14552143,Adam Mefford
14551947,Nicole Robinson
14551865,Randy Durant
14551461,Candy Mcvicker
14548033,Gabriela Keaney
14552521,Debrah Venancio
14545571,Lance Newhard
14553370,Douglas Friend
14554103,Roy Kimball
14553870,Violet Clifton
14554179,Randy Stowell
14553795,Jie Ching
14553056,Darren Suchan
14555724,Todd Sealey
14555304,Ralph Younger
14556186,Roy Hurtado
14556733,Wayne Mayes
14556463,Lori Connor
14556149,Darren Pedrosa
14554972,Tyrone Seevers
14557474,Iris Wharton
14558612,Gina Vetter
14558415,Henry Roque
14558348,Kristen Carrigan
14557845,Nicholas Whitford
14559300,Jonathan Calloway
14559945,Jeffery Ruiz
14560425,Scott Bagwell
14560310,Annie Osullivan
14560070,Adrienne Velez
14560768,Christopher Biles
14560635,Carla Cousins
14559600,Kristi Tobias
14558845,Marjorie Marek
14562308,Tanya Mccafferty
14563288,Todd Oconnell
14564138,Nicholas Macias
14564289,Lucy Pisano
14564207,Jimmy Schaaf
14561572,Edward Persons
14561057,Donald Parmer
14564777,Norman Saldivar
14564875,Brandi Mcauliffe
14565066,Rick Brathwaite
14560887,Lonnie Neveu
14567956,Katherine Ryan
14567602,Vivian Milton
14568262,Howard Bisson
14568132,Jeff Mcalpine
14568693,Raymond Stith
14568899,Dale Olivier
14569978,Ella Rao
14569551,Cora Stauffer
14570672,Ethel Kearney
14570435,Justin Skelton
14572957,Antonio Cruise
14572559,Joseph Medlock
14572275,Robyn Morrissey
14573105,Travis Trull
14572221,Henry Wacker
14574210,Ramona Stacy
14573491,Jeannette Gooch
14574258,Juan Vandyke
14573197,Shelia Deck
14574764,Anna Harber
14574520,Roberta Stephens
14573169,Debbie Sapp
14568398,Mariam Flight
14576593,Sabrina Hong
14577254,Steve Ellingson
14577878,Joe Gallagher
14578075,Joyce Lanning
14578306,Philip Hammonds
14578104,Manuel Chamberlain
14577558,Rick Monday
14576106,Elinor Buff
14566983,Hillary Jun
14566657,Edwina Fedor
14579354,Anne Higginbotham
14579599,Violet Mcchesney
14579765,Ronald Rushton
14579709,Edward Reader
14580184,Willie Norman
14580852,Juana Hacker
14580608,Mike Menchaca
14580391,Deanna Brunner
14579413,Ruby Trinidad
14581175,Jill Welch
14582021,Sherri Kinser
14583473,Heather Laureano
14582082,Keisha Ragusa
14582078,Herman Bussard
14584098,Kristin Grantham
14583940,Alana Wallander
14584815,Pamela French
14584279,Jamie Caryl
14581696,Javier Oldenkamp
14581139,Kurt Bridgett
14585777,Suzanne Aiken
14586349,Eunice Barr
14585738,Ruby Saito
14586704,Herman Malinowski
14587759,Verna Basso
14587788,Pauline Penton
14587466,Edith Grove
14586803,Greg Mcfarren
14588184,Alan Matos
14588477,Denise Steger
14588465,Antonio Worden
14588320,Paul Goodman
14588806,Mike Rodarte
14588716,Juana Angus
14588178,Nelson Weyer
14587916,Noemi Vancamp
14586406,Javier Mungia
14591867,Lillie Olivo
14589324,Geraldine Macon
14588903,Carole Stuckey
14593106,Bernice Schafer
14592826,Allen Mckinney
14592788,Laura Atwater
14593403,Eugenia Cayton
14592217,Drew Leibee
14588845,Darren Hadaway
14585058,Sofia Kelling
14578980,Kenya Seidman
14557200,Elinor Greig
14594336,Allen Rondeau
14594301,Maggie Bissell
14594645,Arthur Kilburn
14596749,Diana Farnham
14597384,Genevieve Holston
14597300,Nora Therrien
14595751,Amber Raymond
14598105,Kara Province
14597932,Travis Llamas
14599292,Elizabeth Prouty
14599387,Marguerite Copenhaver
14599304,Dennis Carrington
14600601,Jerry Bane
14600317,Mike Schumann
14598144,Cody Basta
14601440,Chris Sthilaire
14601178,Mike Costa
14601988,Albert Rohrer
14602549,Sean Vick
14604664,Nathan Persons
14604191,Wayne Dangelo
14604128,Lorraine Zink
14603005,Richard Melvin
14605402,Madeline Shreve
14607192,Chad Steffens
14606166,Jason Dull
14605971,Jennifer Hoffmann
14602739,Pedro Weinberger
14601152,Max Heffelfinger
14608184,Nathan Collette
14608436,Yvonne Wiggs
14608500,Ruby Canter
14611349,Brandon Buehler
14610383,Cora Gregory
14611828,Henry Rex
14612197,Allen Mckenna
14612132,Stephen Fitz
14613599,Jacob Ingle
14611737,Martin Candelaria
14615274,Kristy Maxwell
14615257,Jeanne Twigg
14609125,Robyn Tallent
14617002,Janie Counts
14616544,Scott Simons
14618209,Nicole Prevost
14617850,Jimmy Munoz
14615410,Clint Tsuchiya
14618594,Joanna Jacoby
14619515,Steven Mccallum
14619036,Danielle Poulos
14618316,Tyrone Awong
14622900,Russell Duck
14621729,Anthony Schulman
14624017,Maxine Vereen
14623226,Arlene Lindley
14621106,Bridget Bailey
14620687,Mike Witham
14625643,Mark Dillman
14624924,Ryan Mitchell
14624232,Lester Kealey
14626194,Kenneth Book
14626802,Jimmy Merkel
14627659,Lawrence Cherry
14627865,Manuel Macy
14627767,Dorothy Pellegrino
14628618,Tony Bost
14628242,Colleen Sandifer
14628117,Kimberly Humbert
14627662,Ricardo Hixon
14625658,Dan Olmeda
14624139,Al Bracamontes
14628957,Sally Morrissette
14629680,Clarence Keyser
14629183,Brent Phillippe
14630709,Lorraine Ake
14630806,Thomas Peckham
14630768,Joy Cloud
14632246,Chris Reiner
14632193,Mattie Nowell
14633414,Amelia Mckeever
14631930,Lester Maya
14629783,Earnestine Simo
14634411,Isabel Parmenter
14635931,Marilyn Mickens
14636886,James Burr
14637215,Luis Heinrich
14636936,Keith Borst
14637553,Matthew Massa
14637547,Leonard Delrio
14637666,Stanley Lau
14636236,Hector Horning
14633641,Jesica Cammon
14638124,Kelsey Levey
14637741,Zelma Vallier
14640502,Lillie Fultz
14638923,Judy Cropper
14640872,Rachel Solorzano
14641596,Todd Pillow
14642133,Kathryn Dunning
14642893,Bruce Canady
14642485,Eileen Bunch
14642398,Teresa Sweet
14643509,Randy Blackwell
14644098,Harry Norfleet
14643495,Verna Crone
14642077,Brent Tallent
14642035,Mathew Uresti
14638875,Clayton Salls
14633584,Pearlie Storie
14628872,Melisa Mckeel
14620568,Kathrine Lainez
14607868,Jamie Seager
14593654,Mathew Milian
14541837,Karina Rossin
14645373,Pauline Saldivar
14645266,Alma Ivory
14645768,Chad Cardin
14645687,Ana Bridges
14647957,Elaine Elias
14649163,Irene Lapointe
14650023,Roger Ardoin
14649040,Louis Ohare
14648551,Raymond Jeter
14646408,Jane Romero
14650354,Antonio Braddock
14650276,Geneva Jefferies
14650684,Jeff Wolff
14651324,Della Ketron
14652044,Beatrice Rose
14653050,Irene Coulter
14653103,Monique Blum
14652554,Josephine Nail
14652452,Glenn Irizarry
14653139,Bessie Minton
14651940,Cathy Tubbs
14651596,Eileen Schubert
14654522,Alicia Womble
14654546,Candice Swisher
14656316,Carla Swartz
14655536,Brian Shanahan
14654764,Jeanette Herbst
14654149,Helen Shupe
14657418,Larry Lamp
14656783,Leonard Ng
14656338,Ester Janis
14650608,Tyrone Ottman
14658814,Larry Mitchel
14657925,Maggie Mallon
14659031,Howard Hake
14660161,Michael Rankins
14661082,Arthur Larrabee
14659719,Ernest Cole
14661672,Theresa Tinsley
14661293,Jose Burge
14663643,Scott Luevano
14663802,Toni Vasquez
14663983,Stella Burchette
14663929,Walter Sappington
14665574,Kristy Dewberry
14664623,Mildred Gartner
14663827,Shelley Scherer
14661273,Dianne Marin
14659003,Corey Devane
14667205,Carlos Pfeffer
14667731,Inez Angelo
14667275,Leonard Willett
14667170,Edwina Hohn
14670385,Roger Arriola
14670188,Hazel Justice
14671025,June Nickell
14671806,Melinda Millard
14673910,Justin Frawley
14673823,Karen Gorski
14673403,Chris Omara
14673014,Erma Creech
14677681,Raymond Benge
14672696,Ana Hirst
14679381,Josephine Amundson
14680976,Joanna Stratton
14680502,Leah Halbert
14680043,Daisy Nino
14679751,Velma Hughey
14682397,Elizabeth Dismuke
14682017,Michael Pulido
14679409,Karla Deaton
14683169,Keith Arthur
14683106,Dennis Studer
14678946,Clyde Vosburgh
14684661,Russell Sorrell
14684789,Timothy Congdon
14684627,Monique Gale
14686787,Constance Berg
14688460,Peter Kinser
14688815,Dale Sauceda
14689005,Timothy Enloe
14688657,Margie Gustafson
14689767,Louis Gribble
14688293,Zachary Warne
14684099,Carlene Buechner
14670795,Lakisha Izquierdo
14668230,Guy Winders
14657678,Kelly Silliman
14691172,Chad Hargis
14691334,Denise Herrington
14692822,Stephen Core
14692724,Steve Rushing
14692491,Sherry Provost
14690502,Clyde Baran
14693106,Ronald Labonte
14693994,Jeremy Catalano
14694499,Ella Ruggles
14693578,Melody Ashe
14695742,Paul Vaillancourt
14694589,Angelica Ayala
14696003,Aaron Dalessio
14697240,Jonathan Burt
14698028,Diane Hubbell
14697259,Terry Tweed
14696684,Stephen Peace
14696394,Sherry Branum
14698821,Debbie Northcutt
14699051,Marlene Sansom
14698439,Paul Gowen
14696348,Jesse Salvador
14700822,Jacquelyn Michael
14699964,Elaine Santillan
14699865,Jocelyn Gettinger
14693099,Elnora Coppedge
14702272,Ralph Kinsella
14702807,Douglas Medlock
14703253,Andrew Royer
14703105,Jorge Ventimiglia
14701649,Nelson Guitierrez
14704562,Antonio Obryan
14704930,Glenn Shade
14705346,Blanche Labelle
14705277,Sean Holley
14705469,John Irby
14705258,Joseph Feeney
14703927,Samuel Ha
14706638,Hilda Vermillion
14705927,Marvin Hussey
14707071,Violet Saez
14705748,Fernando Cedano
14703550,Allyson Yocom
14689874,Darryl Triche
14650254,Althea Warring
14644633,Maricela Landreneau
14707879,Norma Zack
14707902,Nicholas Chabot
14708145,Terry Lai
14707982,Jeff Paulsen
14708935,Elsie Fortenberry
14709253,Eunice Mason
14709594,Stanley Song
14709486,Travis Herndon
14709423,Douglas Kemper
14710521,Henry Wick
14710297,Vivian Mather
14712155,Jenny Lucia
14711979,Lawrence Wilkerson
14712328,Fred Meeker
14711624,Marvin Goldsmith
14712555,Juan Jaworski
14713838,Mark Grimm
14713667,Ruby Phifer
14712815,Martin Hagen
14714230,Audrey Medrano
14712430,Vernon Sermons
14715036,Carla Winslow
14715872,Danny Ramsay
14717681,Melody Nesbitt
14717984,Joy Callihan
14718305,Vera Sargeant
14717684,Stanley Albertson
14720772,Lawrence Velarde
14719110,Sonya Rodas
14716476,Russell Ashmore
14714683,Jolene Kear
14723082,Colleen Cedeno
14723402,Victor Leffler
14721825,Lucy Crosby
14723975,Julia Decarlo
14723542,Ryan Bennet
14721754,Asia Gotchy
14710239,Tyra Rhew
14707940,Dewey Kaltenbach
14726927,Charlene Fricke
14726732,Claire Mcdaniels
14728519,Kevin Schreiber
14728005,Kristen Parenteau
14730317,Bryan Bunton
14729596,John Key
14729500,Victor Collette
14730663,Mamie Gaitan
14729104,Gregory Durant
14727988,Candace Hogue
14731017,Alice Reese
14731377,Edward Kozak
14730979,Pedro Sebring
14725785,Zachary Shick
14733019,Jack Tu
14735463,Janie Dawkins
14735069,Craig Avent
14737128,Marguerite Brammer
14736293,Ellen Beamer
14733820,Dean Cambridge
14731663,Tia Ramthun
14724624,Dollie Westbury
14739261,Colleen Carrero
14738952,Paul Albers
14738685,Claire Donnelly
14739995,Margarita Pendergrass
14741054,Jacquelyn Harr
14740556,Holly Kibler
14741659,Edward Hinson
14741600,Stella Morrissey
14742398,Delores Lin
14743269,Larry Gehrke
14742970,Andrew Haile
14744506,Terri Lamm
14744314,Fannie Hesse
14744737,Jesse Swiger
14744751,Laurie Coons
14745222,Sonia Kitts
14744859,Larry Youmans
14744683,Ramona Pence
14742551,Clayton Yaeger
14746256,Nicholas Arrowood
14746768,Howard Storm
14746700,Matthew Edens
14749151,Roxanne Fries
14748970,Delores Benner
14750040,Todd Schafer
14752156,Anthony Ramey
14752071,Jerry Herring
14748270,Tamara Lafountain
14746638,Loretta Moriarty
14752444,Julianne Cressman
14746257,Kelly Hilchey
14754428,Keith Calder
14754587,Todd Quarles
14755926,Manuel Hammack
14754196,Craig Burmeister
14758136,Constance Liggett
14757135,Keith Haugen
14759038,Katie Colquitt
14759208,Kelli New
14759604,Arthur Lough
14759288,Chris Mcmorris
14758697,Jessica Ong
14760701,Amanda Cardenas
14765932,Carl Ellis
14763712,Juan Tollefson
14763361,Patsy Clanton
14761221,Edward Scalise
14760486,Madeline Yuen
14767001,Jose Flannery
14768447,Celia Theriot
14767961,Olivia Fall
14766805,Tara Nissen
14753971,Roy Duggan
14752762,Louisa Cianciolo
14745423,Loraine Hymer
14768550,Suzanne Hiles
14768925,Myra Leclair
14768711,William Wingfield
14769279,Polly Grow
14770058,Renee Crane
14770482,Bobby Faris
14770365,Carolyn Kay
14769762,Julio Naccarato
14769743,Neil Hunton
14768484,Guy Fagundes
14739612,Tyrone Sturman
14737772,Javier Kratochvil
14770638,Gina Gooden
14772144,Emma Kingery
14771596,Marie Vanderpool
14773259,Norman Mcnulty
14775591,Scott Covington
14774786,Peter Steiner
14774248,Arlene Pitchford
14773802,Drew Rockefeller
14776580,Katherine Oswald
14776602,Craig Hertel
14777068,Hector Jerman
14776109,Noemi Widrick
14773251,Jessie Reta
14777624,Shelley Bollinger
14778964,Megan Miles
14777623,Gerald Totten
14779445,Lola Peden
14780276,Marvin Liggins
14783194,Billy Bristol
14784887,Andrew Teeter
14784065,Joseph Donohue
14786010,Della Gaylord
14785541,Kevin Omara
14780081,Floy Fruits
14777117,Julio Rickards
14770506,Christian Durall
14786463,Norman Styles
14786258,Thomas Deaton
14787849,Scott Ring
14787771,Jeremy Hyman
14787479,Terry Haydon
14787237,Keith Overturf
14789031,Rodney Quinonez
14789083,Ricardo Penna
14789287,Brenda Landin
14791377,Marilyn Steinberg
14791934,Jessica Manuel
14789191,Jamie Pucci
14786625,Fernando Sobers
14793409,Megan Fullerton
14793494,Mildred Mcmullen
14794901,Kelli Sallee
14795604,Phyllis Beene
14795724,Russell Treat
14795157,Shane Kreiner
14796787,Audrey Dyke
14797157,Tony Brogan
14798147,Scott Black
14798482,Stella Eyler
14799097,Christine Lanning
14798517,Louise Lively
14799112,Dale Adamson
14797954,Frank Gagnon
14796624,Gordon Vidrio
14793958,Gay Raisor
14793417,Tania Agbayani
14792654,Loraine Bake
14786148,Clinton Blumer
14799887,Kenneth Casares
14801203,Susie Grams
14799851,Zachary Falgoust
14802645,Heather Mabe
14802197,Carolina Hamid
14805022,Tamara Strawn
14805537,Victor Garrity
14806272,Jeffrey Marcum
14805454,Minnie Calvin
14804984,Shelia Roberts
14803363,Roxie Broady
14806357,Edward Luce
14806938,Irene Smart
14806397,Shelia Sorrells
14807138,Benjamin Rodrigez
14807097,Martin Deas
14806346,Lonnie Kitzmiller
14801256,Liza Guyette
14807939,Juanita Abraham
14809236,Nora Hashimoto
14809966,Krista Janssen
14810896,Nicholas Yarbrough
14810531,Terri Fraser
14810230,Erika Cortes
14812916,Melissa Pass
14812355,Albert Mellott
14811308,Lester Welles
14811228,Dorcas Abbitt
14813572,Darcy Butkovich
14814824,Madeline Senn
14814542,Guy Cullinan
14814865,William Zambrano
14815942,Naomi Rosenberg
14817404,Vicky Mears
14817984,Russell Jonas
14817729,Ramona Winton
14817297,Bruce Pfeffer
14817088,Becky Thies
14816625,Gregory Schwab
14818436,Verla Pali
14818934,Kathy Muller
14818768,Alice Gayton
14821502,Kevin Mccullough
14822300,Clara Asher
14822438,Dale Valenzuela
14822159,Tony Garretson
14823095,Esther Kilpatrick
14824275,Phyllis Poe
14824221,Florence Bourgeois
14822795,Dena Standard
14821219,Alta Sharber
14819978,Alana Glade
14818568,Margery Erving
14814846,Fernando Regina
14809440,Ted Enlow
14807822,Carmella Calandra
14824563,Gerald Dalrymple
14824704,Bryan Corcoran
14825907,Gary Tate
14825622,Rosie Burchette
14825406,Ricardo Cruzado
14827623,David Apple
14827769,Della Durst
14827898,Jeffery Marchant
14827750,Dolores Rutledge
14826258,Max Dimond
14828425,Travis Sharma
14828100,Patrick Snow
14831568,Belinda Beamer
14831608,Walter Hirst
14830350,Georgia Acree
14829942,Eileen Haddock
14829180,Liza Pippen
14832421,Jill Dickerson
14833086,Steven Salvador
14832656,Tiffany Sain
14833553,Bonnie Scoggins
14833956,Ryan Luker
14836309,Marie Naylor
14836137,Nicholas Osteen
14835349,Daniel Deloach
14836422,Peter Whitman
14833718,Theda Hierro
14836762,Billy Luu
14837049,George Jason
14839098,Arthur Mcminn
14838387,Rebecca Eversole
14839937,Carla Keaton
14839948,Ana Giese
14839290,Martin Harbin
14842322,Ramona Chang
14841491,Vickie Giffin
14841170,Joseph Scribner
14840252,Sonia Turgeon
14843242,Chris Irving
14843127,Marcia Samples
14843114,Juan Hermes
14845071,Bruce Waldman
14845048,Claudia Keane
14845859,Ruby Traylor
14847857,Fannie Fortson
14847768,Debbie Valdes
14848221,Bertha Sides
14846876,Emma Calkins
14845291,Eleanor Wiley
14842451,Therese Ellerbe
14837347,Tameka Newbury
14836487,Erik Weinman
14832646,Sofia Cambridge
14831903,Emilia Ruddell
14850807,Charles Bayless
14849323,Myrtle Livesay
14851136,Delores Samaniego
14848695,Lawrence Halpern
14852461,Christy Kendall
14851478,Dina Sack
14848469,Dustin Gadsden
14852484,Gay Schlicher
14854910,David Hewitt
14855452,Debbie Hornsby
14853559,Justin Soloman
14856730,Adam Phillips
14857391,Roger Bass
14856654,Ernest Doherty
14859372,Dolores Botts
14859412,Philip Gauthier
14860032,Wilma Rey
14860362,Howard Omeara
14861532,Dale Roman
14860997,Justin Kempf
14860064,Ingrid Mutter
14863919,Kathleen Chafin
14863547,Joseph Graham
14865436,Chris Rahman
14866361,Luz Elmer
14864811,Ruth Gumm
14861582,Raven Dalgleish
14859785,Kurt Kauppi
14859462,Tyrone Petrey
14857567,Maricela Dizon
14853316,Sharron Cournoyer
14867825,Donald Clow
14869316,Nathan Blanco
14869551,Gary Sites
14869505,Amy Stocks
14870739,Bonnie Forney
14871110,Agnes Fillmore
14869568,Edward Steed
14869362,Avis Dejong
14866901,Tanisha Gamino
14866391,Clinton Fehrenbach
14871641,Craig Legere
14871726,Kristin Pomeroy
14872785,Susie Mccarley
14872449,Cassandra Hein
14873054,Valerie Spencer
14873179,Shelly Jara
14873443,Kenneth Hudgens
14873332,George Manchester
14874287,Rita Noland
14876346,Shawn Leigh
14875853,Lola Tobias
14873942,Allen Pak
14877230,Richard Correll
14877235,Dianne Burnette
14877530,Lillie Frisby
14876692,Gary Boyle
14873241,Nellie Woody
14877825,Pearl Moffett
14877581,Kyla Hillin
14872952,Jessie Armand
14879372,Helen Farina
14880475,James Mora
14880579,Luis Barrera
14880671,Denise Greaves
14882441,Celia Mccafferty
14882492,Christopher Merwin
14881294,Natalie Bynum
14880660,John Anton
14880435,Douglas Hooten
14883424,Katherine Gillard
14883477,Naomi Wilkinson
14883433,Katie Bertram
14883123,Keith Bowlin
14884345,Vincent Kingsbury
14883576,Hilda Duck
14882719,Alan Harness
14886546,Angelica Hanlon
14886960,Billy Beckwith
14885345,Paige Lovitt
14884592,Guy Fear
14877848,Pearlie Schack
14887319,Eugene Steinke
14887924,Chad Doucet
14887107,Dan Peranio
14889191,Chad Knoll
14889302,Martin Strode
14889739,Terry Caudle
14890005,Chris Caviness
14891305,Erika Carnes
14890549,Veronica Voss
14890250,Nathan Langford
14893171,Amber Helms
14892741,Agnes Villalobos
14892111,Danny Ragan
14891521,Russell Espino
14889925,Eugene Manis
14893291,Tena Glassford
14888086,Mathew Adkison
14893763,Joe Heyer
14894628,Hector Burdge
14893662,Julio Dunkel
14886981,Clinton Velardo
14872168,Max Madamba
14895409,Victor Cruse
14895688,Anita Figueroa
14896726,Antoinette Blunt
14897795,Joanna Nixon
14898276,Monica Kirk
14898090,Bonnie Koski
14899400,Dale Horne
14899369,Judith Brauer
14899857,Gregory Heins
14900029,Alma Glassman
14900117,Marvin Pagano
14899869,Caitlin Pannone
14899795,Shane Rickel
14898804,Herman Appling
14897369,Tyrone Mondor
14895071,Noreen Smyre
14902798,Hattie Lawson
14902225,Alberta Hosey
14903146,Martha Ogburn
14903893,Todd Kuehn
14901277,Dolores Moses
14907063,Donald Mack
14904919,Christopher List
14909155,Eugene Tilghman
14908366,Stanley Hindman
14908057,Pedro Dash
14904308,Laurence Raymundo
14909396,Gustavo Theall
14910255,Jacob Dandrea
14910513,Ronald Bryan
14910345,Roger Willis
14910809,Cecilia Hicks
14912195,Howard Stoker
14910613,Marjorie Anson
14912531,Blanca Kidwell
14912381,Ellis Stgermaine
14909539,Jessie Hanshaw
14913138,Terri Bagby
14913350,David Crandell
14914093,Harry Drayton
14914110,Adam Harden
14913841,Janie Ewald
14914499,Brian Chavarria
14912721,Darren Cotta
14914892,Samuel Rudd
14915707,Eugene Gore
14916778,Vincent Olszewski
14918491,Flora Stovall
14917748,Eric Lander
14918886,Debbie Yates
14915427,Dale Ormsby
14919053,Roy Maes
14918950,Adam Ybarra
14919476,Eugene Betancourt
14921674,Charles Fifield
14920332,Monique Libby
14923061,Tamika Laber
14919182,Elva Mustafa
14926148,Sherry Winfrey
14926685,Jeffery Neves
14927128,Charles Marcano
14924070,Stephanie Mcintosh
14923740,Ronald Nettles
14927941,Monique Dearman
14927776,Caroline Bible
14928395,Brian Marotta
14927534,Jimmy Pritchard
14923216,Neil Sudler
14914741,Chandra Isenhour
14900369,Sofia Parente
14894734,Lance Buono
14871167,Carmella Rondon
14848322,Dollie Dodrill
14827960,Katy Callier
14929664,Mike Cheatham
14929807,Bruce Dasher
14930699,Adrienne Gallant
14930442,Alma Simoneaux
14931761,Robert Bach
14931428,Benjamin Thibeault
14932297,Roy Bazan
14932172,Bruce Curley
14932422,Anita Risley
14933379,Randy Catlett
14932513,Alma Mcneal
14933596,Mark Goodson
14932421,Wayne Crabb
14932068,Jonathan Haupt
14933681,Charlene Luck
14933911,Ryan Novotny
14931162,Danny Corrigan
14935276,Nellie Bowler
14935338,Joseph Linville
14935451,Danny Petrie
14937049,Edward Stowers
14935420,Edith Tapia
14939104,Beulah Nathan
14938779,Joseph Moritz
14938126,Larry Cantu
14939804,Hazel Asberry
14937701,Vanessa Frick
14937209,Cathy Million
14934952,Vernon Mitton
14929949,Roma Peifer
14941746,Valerie Jenson
14941353,Glenn Butterfield
14943387,Michael Burk
14943689,Rachel Holmgren
14944266,Gary Tincher
14943727,Emma Mcmorris
14942311,Roger Birdwell
14944482,William Backus
14944951,Justin Mccleary
14946465,Danny Hartsfield
14945473,Debbie Brodeur
14945050,Scott Beckwith
14944450,Jocelyn Lynde
14941285,Earnestine Maddock
14947040,Billy Ho
14947262,Gregory Despain
14947101,Dale Berman
14947407,Walter Chapa
14949379,Krista Goodman
14949903,Jose Dorr
14950121,Leonard Fredericks
14950734,Melanie Crawley
14952088,Julie Vining
14952141,Laurie Mcneese
14950403,Steven Turnbull
14949543,Kevin Burke
14948677,Henry To
14952970,Marjorie Aitken
14953465,Roberta Sims
14953521,Ernest Remy
14952936,Eugene Whitesell
14952168,Ruby Johansen
14948479,Steven Glasgow
14948406,Roslyn Forshey
14953590,Louis Teasley
14954360,Cathy Terrazas
14954561,Karen Hundley
14956057,Juan Bacon
14956404,Patsy Carrington
14956116,Douglas Meyers
14957629,Sheila Bracken
14958016,Ethel Reitz
14957187,John Peach
14954894,Joe Haire
14958315,Jacquelyn Frias
14959561,Gary Jaramillo
14959512,Dennis Donahue
14958149,Yvette Chenault
14960191,Louise Bellamy
14960874,Daisy Stock
14960672,Wendy Seda
14959563,Alejandra Tweedie
14954445,Eve Stice
14961144,Ryan Maggio
14961311,Karla Baez
14961527,Carl Christianson
14962190,Terri Landon
14961519,Jennie Tuggle
14961368,Gregory Mayes
14962938,Lucy Baucom
14962274,Douglas Bischoff
14963371,Maggie Molloy
14962222,Clarence Lemoine
14965750,Harold Andre
14963893,Stephen Connor
14963670,Joanne Roybal
14962195,Nathan Pound
14965881,Joyce Etter
14966455,Jennie Devore
14966525,Paul Presnell
14966664,Scott Brooke
14967375,Bruce Chasteen
14967300,Todd Valdovinos
14967208,Louise Durbin
14968563,Dennis Gault
14968890,Michael Minard
14968573,Todd Huss
14966860,Vincent Beckett
14969647,Tameka Slusser
14970046,Terry Carlyle
14970038,Suzanne Stacy
14969975,Valerie Byrd
14969848,Harriett Loveall
14966211,Clayton Rieder
14961066,Kelly Smail
14953543,Ted Gantz
14971371,Travis Bliss
14971207,Benjamin Maya
14971866,Aaron Robinson
14972280,Arthur Runge
14972074,Joann Zander
14972970,Harry Boehm
14971734,Jeffery Nyberg
14970684,Hannah Spiegel
14973224,Penny Mcclary
14973143,Joe Gilliard
14970225,Alana Kube
14948354,Louisa Morreale
14946549,Selena Hoose
14973808,Christina Hazlett
14974789,Jack Kolb
14976184,Ralph Hauck
14974493,Eva Henkel
14974213,Joshua Zack
14978422,Norman Robbins
14978942,Julia Witter
14979088,Gina Lemon
14981142,Constance Mccorkle
14980949,Leona Mount
14980754,Delores Scheer
14981263,Annie Markel
14980312,Patrick Mckenzie
14982421,Elizabeth Charlton
14982968,Paul Edgar
14981326,Patsy Finlay
14978533,Roberta Osborne
14977157,Albert Reynolds
14983791,Travis Argueta
14984381,Lawrence Via
14986223,Eileen Baskin
14986290,Erica Burgin
14986033,Victor Lucier
14983961,Marjorie Tello
14983445,Maurice Rowden
14987670,Brandon Spruill
14989228,Michael Lamp
14988323,Inez Yee
14990485,Susan Haun
14990412,Jeffrey Keenan
14990658,Lydia Riddle
14989807,Wesley Farrel
14991301,Kimberly Terry
14993277,Amy Bedford
14993446,Cora Mills
14994551,Frank Lockwood
14991632,Johnny Holmberg
14991630,Bette Zeman
14991121,Dewey Swickard
14995793,Felicia Slocum
14995197,Marjorie Cameron
14995146,Joyce Poole
14994573,Wilfred Pervis
14986413,Jamie Tricarico
14997371,Tina Furtado
14997368,Christopher Tyree
14995919,Chad Burbank
14998214,Charlene Mccormack
14999121,Charlene Pennington
14999973,Nathan Cambell
14999390,Brittany Grande
14997565,Harriett Dumond
14995816,Annabelle Hilson
14973623,Christian Busbee
14973358,Julio Degroat
14929292,Neil Brabant
14824429,Nelson Tooker
14799737,Katy Vacek
14707100,Dona Mcinnes
14495655,Sofia Bonfiglio
